date,open,close,high,low,vol,amount(thousand),amplitude(%),pct_chg(%),change,换手率(%)
2022-06-08,151.73,146.17,156.84,133.88,135801,3828438.61,28.23,79.72,64.84,74.46
2022-06-09,147.14,149.23,156.84,146.28,58852,1768401.09,7.22,2.09,3.06,32.27
2022-06-10,151.12,171.62,172.49,151.1,43211,1392461.17,14.33,15.0,22.39,23.69
2022-06-13,169.85,179.8,183.83,166.02,35770,1241268.94,10.38,4.77,8.18,19.61
2022-06-14,177.23,190.51,195.09,171.38,39462,1411240.37,13.19,5.96,10.71,21.64
2022-06-15,187.96,184.89,190.5,178.8,30195,1102061.14,6.14,-2.95,-5.62,16.56
2022-06-16,184.89,193.98,194.84,183.46,18730,700052.0,6.16,4.92,9.09,10.27
2022-06-17,192.04,193.68,201.63,189.2,17804,690031.95,6.41,-0.15,-0.3,9.76
2022-06-20,193.69,195.1,206.26,190.53,20342,797325.17,8.12,0.73,1.42,11.15
2022-06-21,194.65,200.36,203.27,187.96,14940,581561.84,7.85,2.7,5.26,8.19
2022-06-22,200.2,220.2,234.69,200.2,22168,969242.0,17.21,9.9,19.84,12.15
2022-06-23,220.62,232.86,233.7,219.25,18060,811468.24,6.56,5.75,12.66,9.9
2022-06-24,232.86,231.84,236.31,224.92,11903,542783.73,4.89,-0.44,-1.02,6.53
2022-06-27,234.52,233.88,237.89,223.72,13134,596421.47,6.11,0.88,2.04,7.2
2022-06-28,231.09,224.7,234.67,218.59,17267,768818.5,6.88,-3.93,-9.18,9.47
2022-06-29,221.38,222.15,227.12,213.52,16529,719049.52,6.05,-1.13,-2.55,9.06
2022-06-30,222.64,247.14,247.89,222.64,16986,795743.14,11.37,11.25,24.99,8.98
2022-07-01,244.74,260.1,261.94,244.74,12308,621148.0,6.96,5.24,12.96,6.5
2022-07-04,255.87,277.23,286.39,255.87,12487,678611.68,11.73,6.59,17.13,6.6
2022-07-05,278.93,274.95,283.88,266.03,14565,786952.64,6.44,-0.82,-2.28,7.7
2022-07-06,271.01,277.48,280.24,271.01,5829,317313.42,3.36,0.92,2.53,3.08
2022-07-07,277.76,305.31,321.9,277.24,14546,864219.97,16.09,10.03,27.83,7.69
2022-07-08,308.44,271.12,308.57,266.02,21791,1221446.75,13.94,-11.2,-34.19,11.52
2022-07-11,272.27,281.44,287.44,267.55,15760,858940.44,7.34,3.81,10.32,8.33
2022-07-12,278.67,258.91,282.86,253.88,23295,1211941.99,10.3,-8.01,-22.53,12.31
2022-07-13,260.92,268.47,279.91,260.92,14747,785645.69,7.33,3.69,9.56,7.79
2022-07-14,264.33,275.97,282.83,262.89,12634,684887.88,7.43,2.79,7.5,6.68
2022-07-15,276.63,286.48,297.16,272.14,11206,634028.26,9.07,3.81,10.51,5.92
2022-07-18,290.51,278.77,293.06,273.72,9885,548473.28,6.75,-2.69,-7.71,5.22
2022-07-19,278.77,278.52,288.37,275.37,7465,412516.06,4.66,-0.09,-0.25,3.94
2022-07-20,281.33,282.86,288.37,271.12,8119,448935.83,6.19,1.56,4.34,4.29
2022-07-21,283.98,269.55,285.05,269.47,9325,507985.47,5.51,-4.71,-13.31,4.93
2022-07-22,269.08,265.0,272.15,260.92,6920,362154.83,4.17,-1.69,-4.55,3.66
2022-07-25,263.24,259.91,270.61,255.31,6525,336975.44,5.77,-1.92,-5.09,3.45
2022-07-26,259.39,275.82,278.66,259.39,8489,457806.46,7.41,6.12,15.91,4.49
2022-07-27,276.65,293.98,296.63,276.12,12036,680153.2,7.44,6.58,18.16,6.36
2022-07-28,303.78,298.67,304.29,287.96,9495,560052.44,5.55,1.6,4.69,5.02
2022-07-29,305.31,305.31,322.14,304.85,10292,632773.73,5.79,2.22,6.64,5.44
2022-08-01,304.29,306.94,310.41,296.33,6904,415139.61,4.61,0.53,1.63,3.65
2022-08-02,301.19,306.1,313.61,297.16,7463,449616.37,5.36,-0.27,-0.84,3.94
2022-08-03,308.37,295.55,313.92,294.08,8276,491857.66,6.48,-3.45,-10.55,4.37
2022-08-04,297.07,296.32,303.27,292.69,4991,292947.6,3.58,0.26,0.77,2.64
2022-08-05,298.16,287.96,299.69,278.94,7624,432271.02,7.0,-2.82,-8.36,4.03
2022-08-08,287.46,289.36,290.96,272.14,5441,304465.81,6.54,0.49,1.4,2.88
2022-08-09,288.46,284.64,298.5,282.98,6409,365954.98,5.36,-1.63,-4.72,3.39
2022-08-10,284.29,300.14,300.2,279.3,6576,379152.22,7.34,5.45,15.5,3.48
2022-08-11,299.73,282.86,302.09,274.18,9871,550899.5,9.3,-5.76,-17.28,5.22
2022-08-12,280.39,270.1,283.8,267.55,6709,361231.03,5.74,-4.51,-12.76,3.55
2022-08-15,270.1,273.67,280.3,268.14,6454,350364.49,4.5,1.32,3.57,3.41
2022-08-16,273.67,303.26,313.19,273.67,12757,755365.95,14.44,10.81,29.59,6.74
2022-08-17,301.55,301.73,311.68,298.24,5296,317106.63,4.43,-0.5,-1.53,2.8
2022-08-18,305.31,339.95,343.36,305.31,10612,684484.92,12.61,12.67,38.22,5.61
2022-08-19,336.56,342.04,346.82,334.9,9355,627291.96,3.51,0.61,2.09,4.94
2022-08-22,338.97,340.74,343.85,323.78,6589,433800.19,5.87,-0.38,-1.3,3.48
2022-08-23,335.53,359.39,361.71,335.53,6203,430787.51,7.68,5.47,18.65,3.28
2022-08-24,355.82,351.61,365.51,345.1,6001,420327.32,5.68,-2.16,-7.78,3.17
2022-08-25,352.76,338.98,353.27,322.13,9753,645158.31,8.86,-3.59,-12.63,5.15
2022-08-26,341.58,342.6,362.9,341.58,8077,558389.88,6.29,1.07,3.62,4.27
2022-08-29,334.9,368.83,368.83,332.65,7814,554447.63,10.56,7.66,26.23,4.13
2022-08-30,360.95,354.29,360.95,331.33,8158,554702.56,8.03,-3.94,-14.54,4.31
2022-08-31,343.57,325.96,349.63,322.14,9501,621174.83,7.76,-8.0,-28.33,5.02
2022-09-01,328.78,329.23,337.45,323.43,4604,299580.24,4.3,1.0,3.27,2.43
2022-09-02,332.09,313.75,332.09,306.33,7358,455788.06,7.82,-4.7,-15.48,3.89
2022-09-05,309.46,330.61,333.88,308.9,7722,498530.98,7.96,5.37,16.86,4.08
2022-09-06,333.77,349.49,350.71,327.26,7631,514425.74,7.09,5.71,18.88,4.03
2022-09-07,344.08,355.31,367.55,344.08,6571,460814.43,6.72,1.67,5.82,3.47
2022-09-08,355.74,354.81,363.13,349.22,4520,317807.55,3.91,-0.14,-0.5,2.39
2022-09-09,353.78,347.14,357.86,338.77,5786,392919.27,5.38,-2.16,-7.67,3.06
2022-09-13,345.7,345.33,349.65,335.0,4795,322440.12,4.22,-0.52,-1.81,2.53
2022-09-14,340.47,337.59,349.03,333.88,3781,253226.9,4.39,-2.24,-7.74,2.0
2022-09-15,338.97,297.76,343.45,292.05,12712,764533.68,15.23,-11.8,-39.83,6.72
2022-09-16,297.65,293.06,306.84,291.55,6044,356243.72,5.14,-1.58,-4.7,3.19
2022-09-19,288.47,301.46,316.02,288.01,6313,379295.45,9.56,2.87,8.4,3.34
2022-09-20,303.86,311.16,321.18,303.86,5626,347952.13,5.75,3.22,9.7,2.97
2022-09-21,310.81,299.8,313.09,299.69,3715,223690.77,4.31,-3.65,-11.36,1.96
2022-09-22,299.13,318.26,318.72,291.53,5217,320690.43,9.07,6.16,18.46,2.76
2022-09-23,314.38,314.49,324.63,306.28,5578,344776.72,5.77,-1.18,-3.77,2.95
2022-09-26,312.86,338.98,344.38,308.38,6598,435556.07,11.45,7.79,24.49,3.49
2022-09-27,338.95,326.59,343.55,320.87,6716,435786.19,6.69,-3.66,-12.39,3.55
2022-09-28,327.3,325.17,336.43,319.08,3907,251777.67,5.31,-0.43,-1.42,2.06
2022-09-29,327.24,323.67,330.47,313.46,4286,270987.52,5.23,-0.46,-1.5,2.27
2022-09-30,319.48,312.8,322.65,306.89,3419,210517.74,4.87,-3.36,-10.87,1.81
2022-10-10,312.8,297.86,312.8,294.6,5696,337334.74,5.82,-4.78,-14.94,3.01
2022-10-11,299.17,284.9,304.85,279.29,5973,342716.34,8.58,-4.35,-12.96,3.16
2022-10-12,284.39,267.3,286.05,243.23,14156,725107.0,15.03,-6.18,-17.6,7.48
2022-10-13,257.86,272.13,281.84,254.29,7563,408566.77,10.31,1.81,4.83,4.0
2022-10-14,278.2,271.63,283.11,263.98,8059,435813.81,7.03,-0.18,-0.5,4.26
2022-10-17,270.61,254.8,273.56,243.62,11733,586837.79,11.02,-6.2,-16.83,6.2
2022-10-18,256.84,258.77,262.21,249.13,8112,410406.26,5.13,1.56,3.97,4.29
2022-10-19,256.07,244.58,258.26,240.52,10106,494192.26,6.86,-5.48,-14.19,5.34
2022-10-20,241.85,231.66,244.08,227.77,12565,580867.6,6.67,-5.28,-12.92,6.64
2022-10-21,227.76,244.76,245.61,225.46,9380,444508.15,8.7,5.65,13.1,4.96
2022-10-24,243.06,243.64,254.29,241.79,6465,316208.76,5.11,-0.46,-1.12,3.42
2022-10-25,241.21,267.04,267.55,239.46,11798,602299.39,11.53,9.6,23.4,6.24
2022-10-26,263.47,264.54,270.61,260.35,9022,473166.35,3.84,-0.94,-2.5,4.77
2022-10-27,270.29,250.05,277.76,248.15,8731,449230.45,11.19,-5.48,-14.49,4.61
2022-10-28,243.07,249.66,260.92,243.07,7283,362527.25,7.14,-0.16,-0.39,3.85
2022-10-31,247.68,237.44,251.22,233.09,10369,490404.05,7.26,-4.89,-12.22,5.48
2022-11-01,235.59,240.53,246.07,235.48,7420,352108.24,4.46,1.3,3.09,3.92
2022-11-02,238.54,247.82,255.26,232.72,10539,505694.77,9.37,3.03,7.29,5.57
2022-11-03,252.43,295.61,297.74,252.43,21971,1232242.26,18.28,19.28,47.79,11.61
2022-11-04,300.2,313.99,315.51,291.17,13127,788127.5,8.23,6.22,18.38,6.94
2022-11-07,308.42,318.04,327.07,307.86,10706,674734.2,6.12,1.29,4.05,5.66
2022-11-08,318.04,305.82,318.97,298.93,8135,488796.85,6.3,-3.84,-12.22,4.3
2022-11-09,304.8,308.88,313.47,301.47,6881,415492.18,3.92,1.0,3.06,3.64
2022-11-10,305.74,301.84,314.84,300.2,7082,426939.03,4.74,-2.28,-7.04,3.74
2022-11-11,311.94,311.43,322.14,305.87,8233,506841.43,5.39,3.18,9.59,4.35
2022-11-14,304.8,297.14,306.84,289.04,9521,556808.48,5.72,-4.59,-14.29,5.03
2022-11-15,294.46,309.33,310.24,294.23,6289,377637.04,5.39,4.1,12.19,3.32
2022-11-16,311.04,308.88,312.47,292.42,4928,295564.59,6.48,-0.15,-0.45,2.6
2022-11-17,305.72,301.72,310.41,294.14,5731,340895.99,5.27,-2.32,-7.16,3.03
2022-11-18,299.17,307.3,313.91,297.65,4241,257957.47,5.39,1.85,5.58,2.24
2022-11-21,301.74,311.41,313.32,300.21,3039,184910.86,4.27,1.34,4.11,1.61
2022-11-22,308.42,306.32,311.99,299.18,4695,283407.84,4.11,-1.63,-5.09,2.48
2022-11-23,306.84,336.43,336.43,301.22,10007,636732.3,11.49,9.83,30.11,5.29
2022-11-24,333.27,339.08,345.1,328.27,5405,360214.16,5.0,0.79,2.65,2.86
2022-11-25,333.62,326.22,337.96,318.46,5687,363259.57,5.75,-3.79,-12.86,3.01
2022-11-28,319.23,326.51,338.47,319.23,4553,297635.35,5.9,0.09,0.29,2.41
2022-11-29,326.51,315.0,330.31,309.3,5298,330707.32,6.43,-3.53,-11.51,2.8
2022-11-30,315.68,315.92,320.07,307.91,3312,204955.66,3.86,0.29,0.92,1.75
2022-12-01,315.96,303.78,317.04,301.24,5189,315059.42,5.0,-3.84,-12.14,2.74
2022-12-02,304.66,315.4,318.97,304.35,4624,287005.0,4.81,3.83,11.62,2.44
2022-12-05,311.43,301.22,316.5,291.66,8015,474991.55,7.88,-4.5,-14.18,4.24
2022-12-06,298.26,311.02,311.93,295.77,5366,321431.0,5.36,3.25,9.8,2.84
2022-12-07,309.8,300.81,314.65,298.52,4929,297436.17,5.19,-3.28,-10.21,2.61
2022-12-08,299.18,304.28,319.08,297.82,6888,418509.27,7.07,1.15,3.47,3.47
2022-12-09,303.39,293.34,306.83,292.21,6956,408616.41,4.8,-3.6,-10.94,3.5
2022-12-12,293.99,284.95,294.08,278.78,8999,503100.57,5.22,-2.86,-8.39,4.53
2022-12-13,284.39,271.28,289.67,267.55,7036,383750.68,7.76,-4.8,-13.67,3.54
2022-12-14,268.66,272.6,274.69,266.19,4385,234798.87,3.13,0.49,1.32,2.21
2022-12-15,271.58,276.46,278.61,267.43,4081,220034.1,4.1,1.42,3.86,2.06
2022-12-16,274.19,261.82,276.46,261.82,5062,265900.69,5.3,-5.3,-14.64,2.55
2022-12-19,258.37,258.37,267.51,255.33,4787,246537.86,4.65,-1.32,-3.45,2.41
2022-12-20,255.91,260.04,263.98,253.78,4131,210500.49,3.95,0.65,1.67,2.08
2022-12-21,260.41,263.37,264.49,251.06,6260,319896.7,5.16,1.28,3.33,3.15
2022-12-22,265.4,260.26,266.02,255.05,5557,284284.5,4.17,-1.18,-3.11,2.8
2022-12-23,256.13,249.69,258.64,242.11,7652,374406.8,6.35,-4.06,-10.57,3.85
2022-12-26,246.6,274.69,275.71,246.27,7779,408891.53,11.79,10.01,25.0,3.92
2022-12-27,272.32,284.15,286.43,272.14,4921,271207.9,5.2,3.44,9.46,2.48
2022-12-28,283.07,286.43,291.53,271.12,5626,313007.05,7.18,0.8,2.28,2.83
2022-12-29,282.03,277.13,288.38,275.91,4899,270712.81,4.35,-3.25,-9.3,2.47
2022-12-30,278.78,288.21,292.07,275.97,4872,275540.13,5.81,4.0,11.08,2.45
2023-01-03,283.87,281.53,285.92,273.95,6387,352537.09,4.15,-2.32,-6.68,3.22
2023-01-04,278.77,259.74,280.31,257.86,8054,421422.81,7.97,-7.74,-21.79,4.06
2023-01-05,260.35,274.69,275.79,260.08,6831,363198.09,6.05,5.76,14.95,3.44
2023-01-06,273.54,284.9,288.98,272.14,6782,380517.97,6.13,3.72,10.21,3.42
2023-01-09,284.4,270.67,284.4,261.88,10169,544399.11,7.9,-4.99,-14.23,5.12
2023-01-10,270.71,266.33,271.11,259.22,9552,496062.25,4.39,-1.6,-4.34,4.81
2023-01-11,265.91,254.03,268.35,253.27,8161,415209.5,5.66,-4.62,-12.3,4.11
2023-01-12,252.85,252.43,260.79,251.65,6668,334828.55,3.6,-0.63,-1.6,3.36
2023-01-13,253.31,241.51,255.19,237.67,11027,528059.48,6.94,-4.33,-10.92,5.56
2023-01-16,240.58,233.78,242.99,232.93,8552,398746.63,4.17,-3.2,-7.73,4.31
2023-01-17,234.9,256.73,256.83,232.97,10129,492477.44,10.21,9.82,22.95,5.1
2023-01-18,255.77,253.66,258.32,247.3,7868,394028.22,4.29,-1.2,-3.07,3.96
2023-01-19,252.2,247.04,255.23,245.1,7027,344388.32,3.99,-2.61,-6.62,3.54
2023-01-20,241.53,237.35,246.63,227.86,13027,604670.63,7.6,-3.92,-9.69,6.56
2023-01-30,238.14,247.65,250.96,238.14,10154,494975.28,5.4,4.34,10.3,5.12
2023-01-31,245.61,260.66,268.3,243.11,11823,603709.89,10.17,5.25,13.01,5.96
2023-02-01,259.47,250.2,260.15,248.03,12125,602006.81,4.65,-4.01,-10.46,6.11
2023-02-02,250.2,250.56,253.26,248.16,6528,322163.72,2.04,0.14,0.36,3.29
2023-02-03,249.22,249.16,249.22,237.96,10027,482420.35,4.49,-0.56,-1.4,5.05
2023-02-06,247.65,246.53,252.69,244.65,7893,387554.86,3.23,-1.06,-2.63,3.98
2023-02-07,244.86,247.14,249.18,243.06,7623,370538.04,2.48,0.25,0.61,3.84
2023-02-08,246.24,241.83,248.16,241.02,4823,232113.02,2.89,-2.15,-5.31,2.43
2023-02-09,241.83,245.11,252.24,237.95,6651,323309.93,5.91,1.36,3.28,3.35
2023-02-10,244.19,238.07,244.33,236.0,6366,300778.16,3.4,-2.87,-7.04,3.21
2023-02-13,239.95,245.6,246.13,237.45,7585,364497.6,3.65,3.16,7.53,3.82
2023-02-14,244.05,238.57,245.6,235.92,8020,376992.59,3.94,-2.86,-7.03,4.04
2023-02-15,237.26,231.01,240.0,229.4,6534,300720.57,4.44,-3.17,-7.56,3.29
2023-02-16,229.96,232.35,237.23,227.76,7293,335453.74,4.1,0.58,1.34,3.67
2023-02-17,231.33,226.44,231.33,226.22,5221,235788.03,2.2,-2.54,-5.91,2.63
2023-02-20,225.2,237.44,239.23,223.17,8125,374619.22,7.09,4.86,11.0,4.09
2023-02-21,236.94,234.44,237.26,228.8,5915,272566.48,3.56,-1.26,-3.0,2.98
2023-02-22,231.46,234.88,241.01,231.46,5134,240444.96,4.07,0.19,0.44,2.59
2023-02-23,235.37,243.01,243.01,234.88,8831,419095.86,3.46,3.46,8.13,4.45
2023-02-24,241.15,241.72,244.38,238.47,4061,193246.02,2.43,-0.53,-1.29,2.05
2023-02-27,242.04,246.63,256.82,239.61,7642,375641.04,7.12,2.03,4.91,3.85
2023-02-28,246.53,231.58,246.53,230.31,12654,585282.48,6.58,-6.1,-15.05,6.38
2023-03-01,231.58,225.5,231.84,223.5,10738,480397.03,3.6,-2.63,-6.08,5.41
2023-03-02,225.36,216.02,225.36,213.47,12905,554792.7,5.27,-4.2,-9.48,6.5
2023-03-03,216.02,219.85,224.13,214.72,7789,340255.18,4.36,1.77,3.83,3.92
2023-03-06,218.77,230.39,231.51,213.52,10951,485607.22,8.18,4.79,10.54,5.52
2023-03-07,227.76,229.56,233.72,225.46,6233,282715.52,3.59,-0.36,-0.83,3.14
2023-03-08,227.27,233.95,237.58,226.74,9716,447751.95,4.72,1.91,4.39,4.89
2023-03-09,229.3,226.27,233.87,224.97,8729,392923.64,3.8,-3.28,-7.68,4.4
2023-03-10,224.15,216.8,227.34,216.8,10382,457844.64,4.66,-4.19,-9.47,5.23
2023-03-13,218.52,220.1,227.18,217.66,6523,285079.89,4.39,1.52,3.3,3.29
2023-03-14,219.01,216.96,219.99,208.12,9338,392641.6,5.39,-1.43,-3.14,4.7
2023-03-15,216.96,209.64,221.37,209.39,7846,330691.84,5.52,-3.37,-7.32,3.95
2023-03-16,208.42,198.62,210.55,197.2,12855,512602.13,6.37,-5.26,-11.02,6.48
2023-03-17,197.14,189.55,198.97,189.48,10995,419199.6,4.78,-4.57,-9.07,5.54
2023-03-20,188.98,187.86,195.81,179.97,19318,716358.05,8.36,-0.89,-1.69,9.73
2023-03-21,189.18,183.87,190.51,179.8,12236,444519.08,5.7,-2.12,-3.99,6.16
2023-03-22,186.52,177.76,189.58,176.73,12324,441466.29,6.99,-3.32,-6.11,6.21
2023-03-23,176.93,172.47,178.66,170.71,13817,475829.15,4.47,-2.98,-5.29,6.96
2023-03-24,172.47,172.53,178.15,168.23,14345,491146.88,5.75,0.03,0.06,7.23
2023-03-27,172.41,172.3,176.67,169.08,12929,442254.6,4.4,-0.13,-0.23,6.51
2023-03-28,172.65,167.05,174.63,165.51,9835,329134.08,5.29,-3.05,-5.25,4.95
2023-03-29,168.21,165.66,169.36,160.92,12016,392464.41,5.05,-0.83,-1.39,6.05
2023-03-30,165.69,168.76,170.28,162.65,13413,445175.53,4.61,1.87,3.1,6.76
2023-03-31,168.15,167.59,173.39,165.19,10880,363631.2,4.86,-0.69,-1.17,5.48
2023-04-03,165.79,165.69,170.54,163.99,12519,412576.15,3.91,-1.13,-1.9,6.31
2023-04-04,165.61,157.35,165.61,155.82,17059,536356.49,5.91,-5.03,-8.34,8.59
2023-04-06,158.4,161.47,161.83,155.65,12985,408614.25,3.93,2.62,4.12,6.54
2023-04-07,160.41,161.62,163.77,159.84,8729,280313.64,2.43,0.09,0.15,4.4
2023-04-10,161.62,167.19,169.93,160.41,16835,554305.78,5.89,3.45,5.57,8.48
2023-04-11,168.43,170.78,174.32,164.62,21544,721543.04,5.8,2.15,3.59,10.85
2023-04-12,169.15,164.58,169.79,163.92,11175,367526.72,3.44,-3.63,-6.2,5.63
2023-04-13,165.51,163.27,168.31,161.94,7399,241419.43,3.87,-0.8,-1.31,3.73
2023-04-14,162.54,168.35,170.1,160.98,12041,397179.92,5.59,3.11,5.08,6.07
2023-04-17,167.55,166.54,175.2,166.37,12513,420937.57,5.25,-1.08,-1.81,6.3
2023-04-18,167.04,172.59,177.76,163.21,21668,729235.02,8.74,3.63,6.05,10.92
2023-04-19,171.07,165.01,173.5,163.56,17722,583461.62,5.76,-4.39,-7.58,8.93
2023-04-20,164.2,156.33,164.23,155.9,14974,470015.82,5.05,-5.26,-8.68,7.54
2023-04-21,156.38,151.28,159.72,150.77,12154,375015.54,5.73,-3.23,-5.05,6.12
2023-04-24,152.64,149.18,152.64,146.12,10032,295879.69,4.31,-1.39,-2.1,5.05
2023-04-25,150.23,140.07,152.07,139.33,13956,396834.11,8.54,-6.11,-9.11,7.03
2023-04-26,143.57,168.45,168.45,143.06,25600,810408.97,18.13,20.26,28.38,12.9
2023-04-27,175.71,170.05,180.82,168.45,41523,1423126.51,7.34,0.95,1.6,20.92
2023-04-28,167.33,157.72,168.32,151.48,29390,927302.11,9.9,-7.25,-12.33,14.81
2023-05-04,156.93,157.6,166.47,154.19,23570,750701.93,7.79,-0.08,-0.12,11.88
2023-05-05,155.24,151.63,156.32,145.11,18897,565166.17,7.11,-3.79,-5.97,9.52
2023-05-08,151.99,149.18,155.31,145.94,15171,449585.66,6.18,-1.62,-2.45,7.64
2023-05-09,151.34,144.59,151.34,144.2,12250,355676.54,4.79,-3.08,-4.59,6.17
2023-05-10,143.55,145.26,149.18,139.49,15096,432667.53,6.7,0.46,0.67,7.61
2023-05-11,145.99,142.04,150.52,141.32,18070,522733.11,6.33,-2.22,-3.22,9.1
2023-05-12,139.86,136.17,143.05,135.93,15398,423817.9,5.01,-4.13,-5.87,7.76
2023-05-15,136.35,145.94,156.32,135.8,25596,744672.96,15.07,7.17,9.77,12.9
2023-05-16,144.78,142.15,148.67,141.68,14968,429108.86,4.79,-2.6,-3.79,7.54
2023-05-17,142.55,140.77,145.1,140.0,10703,301069.36,3.59,-0.97,-1.38,5.39
2023-05-18,139.99,136.24,139.99,134.9,15482,420043.8,3.62,-3.22,-4.53,7.8
2023-05-19,135.27,134.84,136.23,133.53,9019,241332.18,1.98,-1.03,-1.4,4.54
2023-05-22,134.84,132.92,135.61,131.33,9307,245895.63,3.17,-1.42,-1.92,4.69
2023-05-23,132.86,130.92,135.31,130.86,11026,290339.46,3.35,-1.5,-2.0,5.56
2023-05-24,130.82,135.0,139.39,129.34,18445,492566.41,7.68,3.12,4.08,9.29
2023-05-25,133.27,141.53,143.88,130.87,23620,653862.49,9.64,4.84,6.53,11.9
2023-05-26,139.66,132.12,140.97,131.44,20813,555239.3,6.73,-6.65,-9.41,10.49
2023-05-29,130.01,124.23,131.58,124.13,16025,401907.2,5.64,-5.97,-7.89,8.07
2023-05-30,124.69,125.05,126.63,123.02,12012,298368.58,2.91,0.66,0.82,6.05
2023-05-31,123.39,121.63,124.85,120.73,10313,251455.04,3.29,-2.73,-3.42,5.2
2023-06-01,122.14,121.78,124.08,120.1,9427,228591.72,3.27,0.12,0.15,4.75
2023-06-02,122.19,126.23,128.14,122.19,13994,350895.03,4.89,3.65,4.45,7.05
2023-06-05,126.22,117.58,126.22,117.55,14716,352367.26,6.87,-6.85,-8.65,7.41
2023-06-06,118.77,118.06,121.8,116.53,10289,243707.64,4.48,0.41,0.48,5.18
2023-06-07,116.53,113.46,117.48,113.16,13133,298453.89,3.66,-3.9,-4.6,6.62
2023-06-08,113.23,113.1,116.51,112.9,11106,252977.08,3.18,-0.32,-0.36,3.6
2023-06-09,113.1,116.3,116.8,112.47,11500,263046.28,3.83,2.83,3.2,3.72
2023-06-12,114.69,114.81,117.55,113.68,11282,259575.55,3.33,-1.28,-1.49,3.65
2023-06-13,113.96,112.76,116.11,111.53,10130,228035.97,3.99,-1.79,-2.05,3.28
2023-06-14,112.96,111.84,114.09,111.76,8771,197035.45,2.07,-0.82,-0.92,2.84
2023-06-15,110.92,123.67,125.61,110.52,26830,645154.0,13.49,10.58,11.83,8.69
2023-06-16,123.39,132.39,133.15,121.64,25713,658855.19,9.31,7.05,8.72,8.33
2023-06-19,131.33,133.47,133.87,129.34,19465,509428.39,3.42,0.82,1.08,6.3
2023-06-20,132.44,132.09,134.79,130.82,13886,365925.64,2.97,-1.03,-1.38,4.5
2023-06-21,130.71,127.14,133.56,126.86,17633,320825.59,5.07,-3.75,-4.95,4.08
2023-06-26,125.7,122.25,128.91,120.74,24633,429110.07,6.43,-3.85,-4.89,5.7
2023-06-27,122.98,127.94,133.24,122.36,26661,482361.71,8.9,4.65,5.69,6.17
2023-06-28,127.49,128.56,133.57,126.21,25498,463937.45,5.75,0.48,0.62,5.9
2023-06-29,129.49,123.31,131.41,123.23,23737,422779.8,6.36,-4.08,-5.25,5.49
2023-06-30,124.29,133.45,138.56,122.03,37837,697563.45,13.41,8.22,10.14,8.74
2023-07-03,135.0,145.34,150.71,134.09,56846,1143217.41,12.45,8.91,11.89,13.13
2023-07-04,144.14,140.7,144.24,139.69,30392,604630.75,3.13,-3.19,-4.64,7.02
2023-07-05,140.7,139.2,142.79,138.21,16920,333085.82,3.26,-1.07,-1.5,3.91
2023-07-06,139.14,137.21,140.36,136.43,15348,297828.96,2.82,-1.43,-1.99,3.55
2023-07-07,136.74,131.79,136.74,131.47,18692,350774.07,3.84,-3.95,-5.42,4.32
2023-07-10,130.81,135.85,137.61,129.14,24707,468520.29,6.43,3.08,4.06,5.71
2023-07-11,135.0,134.27,137.14,132.79,12516,236055.38,3.2,-1.16,-1.58,2.89
2023-07-12,134.33,137.15,139.64,131.43,24651,473437.23,6.11,2.14,2.88,5.7
2023-07-13,135.68,136.97,140.34,134.61,18833,361447.04,4.18,-0.13,-0.18,4.35
2023-07-14,136.85,131.42,137.11,130.71,18873,353345.39,4.67,-4.05,-5.55,4.36
2023-07-17,130.0,126.29,131.34,124.44,24180,431911.73,5.25,-3.9,-5.13,4.23
2023-07-18,127.71,126.18,128.06,125.23,9860,175650.43,2.24,-0.09,-0.11,1.73
2023-07-19,126.19,123.87,126.66,122.93,8979,156946.73,2.96,-1.83,-2.31,1.57
2023-07-20,124.7,124.36,127.71,123.86,10747,190501.68,3.11,0.4,0.49,1.88
2023-07-21,124.36,122.54,124.36,121.29,8094,139634.09,2.47,-1.46,-1.82,1.42
2023-07-24,122.0,118.64,123.66,117.49,12048,203058.47,5.04,-3.18,-3.9,2.11
2023-07-25,120.16,121.09,122.52,119.56,11497,195755.92,2.49,2.07,2.45,2.01
2023-07-26,119.91,119.8,122.74,118.57,8729,148004.19,3.44,-1.07,-1.29,1.53
2023-07-27,120.47,117.06,121.64,116.43,11241,187657.96,4.35,-2.29,-2.74,1.97
2023-07-28,115.89,119.5,119.83,114.36,10498,173696.83,4.67,2.08,2.44,1.84
2023-07-31,117.57,122.27,124.29,117.57,11917,204841.15,5.62,2.32,2.77,2.09
2023-08-01,121.86,118.35,121.86,117.91,11425,192146.56,3.23,-3.21,-3.92,2.0
2023-08-02,118.56,119.64,121.06,117.91,7923,133444.93,2.66,1.09,1.29,1.39
2023-08-03,118.79,120.5,123.21,118.51,12815,217578.7,3.93,0.72,0.86,2.24
2023-08-04,121.24,119.34,121.88,118.29,14127,237831.41,2.98,-0.96,-1.16,2.47
2023-08-07,119.29,115.97,119.32,115.49,12170,199949.11,3.21,-2.82,-3.37,2.13
2023-08-08,117.96,112.61,118.57,111.92,14743,237483.42,5.73,-2.9,-3.36,2.58
2023-08-09,111.09,115.28,117.82,110.72,13498,218908.75,6.3,2.37,2.67,2.36
2023-08-10,116.43,118.18,121.56,115.71,20833,349446.03,5.07,2.52,2.9,3.65
2023-08-11,117.75,113.49,118.18,113.13,13726,223484.17,4.27,-3.97,-4.69,2.4
2023-08-14,112.14,110.01,114.61,107.84,13737,212675.84,5.97,-3.07,-3.48,2.41
2023-08-15,110.49,106.44,111.0,105.0,14429,217992.71,5.45,-3.25,-3.57,2.53
2023-08-16,107.11,106.66,109.29,105.5,9297,140309.69,3.56,0.21,0.22,1.63
2023-08-17,107.41,108.05,108.57,104.01,10619,159430.55,4.28,1.3,1.39,1.86
2023-08-18,108.37,105.83,109.64,105.14,10804,163654.55,4.16,-2.05,-2.22,1.89
2023-08-21,104.97,102.46,105.31,102.14,11542,168372.96,3.0,-3.18,-3.37,2.02
2023-08-22,102.46,103.59,104.01,100.01,11874,170876.07,3.9,1.1,1.13,2.08
2023-08-23,103.65,99.39,103.65,99.29,8957,126923.53,4.21,-4.05,-4.2,1.57
2023-08-24,100.15,106.04,112.71,100.15,24429,368830.48,12.64,6.69,6.65,4.28
2023-08-25,105.05,102.56,105.67,102.14,15531,226258.03,3.33,-3.28,-3.48,2.72
2023-08-28,112.86,103.71,112.86,103.57,17589,263353.92,9.06,1.12,1.15,3.08
2023-08-29,103.41,108.21,108.33,102.93,15282,229460.79,5.21,4.34,4.5,2.68
2023-08-30,107.96,110.72,111.79,107.57,14637,226942.08,3.9,2.32,2.51,2.56
2023-08-31,100.0,96.37,100.0,96.31,31525,432837.28,3.33,-12.96,-14.35,5.52
2023-09-01,95.63,93.21,97.14,93.07,16206,214758.28,4.22,-3.28,-3.16,2.84
2023-09-04,93.41,93.69,94.3,92.52,10324,136194.2,1.91,0.51,0.48,1.81
2023-09-05,93.57,94.55,94.55,91.89,15745,207312.5,2.84,0.92,0.86,2.76
2023-09-06,93.58,94.2,94.65,92.5,9591,126822.92,2.27,-0.37,-0.35,1.68
2023-09-07,94.16,90.01,94.7,89.79,15053,195452.33,5.21,-4.45,-4.19,2.64
2023-09-08,89.3,87.39,90.01,86.84,12961,160342.29,3.52,-2.91,-2.62,2.27
2023-09-11,87.83,90.36,91.06,85.71,14491,181818.19,6.12,3.4,2.97,2.54
2023-09-12,90.45,89.86,91.09,88.64,8495,107809.18,2.71,-0.55,-0.5,1.49
2023-09-13,90.67,89.56,91.06,87.86,8464,106371.59,3.56,-0.33,-0.3,1.48
2023-09-14,88.21,88.11,89.54,87.41,6564,81596.17,2.38,-1.62,-1.45,1.15
2023-09-15,88.27,89.17,89.17,86.56,8358,103510.5,2.96,1.2,1.06,1.46
2023-09-18,88.07,89.56,91.04,87.26,10200,129065.87,4.24,0.44,0.39,1.79
2023-09-19,89.5,87.63,90.09,87.38,5934,73948.5,3.03,-2.15,-1.93,1.04
2023-09-20,87.86,87.81,89.18,87.31,6242,77659.62,2.13,0.21,0.18,1.09
2023-09-21,87.19,87.12,88.21,85.99,7128,87580.05,2.53,-0.79,-0.69,1.25
2023-09-22,86.79,88.2,88.33,86.43,11275,139356.0,2.18,1.24,1.08,1.97
2023-09-25,87.45,88.57,89.97,86.64,10152,126192.35,3.78,0.42,0.37,1.78
2023-09-26,88.41,89.5,91.43,88.38,15624,198805.54,3.44,1.05,0.93,2.74
2023-09-27,88.59,90.84,93.34,88.59,17613,227379.22,5.31,1.5,1.34,3.08
2023-09-28,90.86,89.93,91.93,89.48,10636,135957.57,2.7,-1.0,-0.91,1.86
2023-10-09,89.62,87.94,89.91,87.88,7349,91740.14,2.26,-2.21,-1.99,1.29
2023-10-10,88.5,86.66,88.5,86.09,8908,109231.27,2.74,-1.46,-1.28,1.56
2023-10-11,87.14,87.63,90.21,87.14,12454,155794.24,3.54,1.12,0.97,2.18
2023-10-12,88.23,91.51,92.49,87.77,16148,205810.2,5.39,4.43,3.88,2.83
2023-10-13,91.4,88.66,91.4,87.31,11571,144894.8,4.47,-3.11,-2.85,2.03
2023-10-16,88.67,89.14,90.19,86.99,10688,133479.04,3.61,0.54,0.48,1.87
2023-10-17,88.58,91.11,92.71,87.86,16036,206207.11,5.44,2.21,1.97,2.81
2023-10-18,90.68,91.36,92.06,88.96,12380,158072.7,3.4,0.27,0.25,2.17
2023-10-19,90.36,94.0,95.36,89.86,18771,245360.53,6.02,2.89,2.64,3.29
2023-10-20,92.85,96.67,97.26,92.36,20303,272764.35,5.21,2.84,2.67,3.56
2023-10-23,95.21,91.88,95.73,91.42,12816,169106.72,4.46,-4.96,-4.79,2.24
2023-10-24,92.85,92.84,93.71,90.49,9536,124404.5,3.5,1.04,0.96,1.67
2023-10-25,92.26,90.69,94.11,90.07,11165,144603.62,4.35,-2.32,-2.15,1.96
2023-10-26,90.0,84.39,90.0,81.03,18123,218018.9,9.89,-6.95,-6.3,3.17
2023-10-27,83.57,85.86,87.0,81.46,14169,168188.93,6.56,1.74,1.47,2.48
2023-10-30,84.82,86.11,86.76,82.64,13858,164776.86,4.8,0.29,0.25,2.43
2023-10-31,86.4,86.64,87.71,83.23,14745,177163.29,5.2,0.62,0.53,2.58
2023-11-01,86.43,85.54,87.98,84.68,9106,110646.33,3.81,-1.27,-1.1,1.59
2023-11-02,85.7,83.01,85.7,83.01,6655,78958.93,3.14,-2.96,-2.53,1.17
2023-11-03,82.84,85.0,86.02,82.79,10133,121287.42,3.89,2.4,1.99,1.77
2023-11-06,85.16,90.62,91.0,85.0,17333,218985.37,7.06,6.61,5.62,3.04
2023-11-07,90.85,91.13,92.7,89.46,12221,157672.35,3.58,0.56,0.51,2.14
2023-11-08,91.79,90.5,93.0,89.71,11349,146404.78,3.61,-0.69,-0.63,1.99
2023-11-09,90.84,91.73,94.81,90.64,18089,236993.6,4.61,1.36,1.23,3.17
2023-11-10,91.31,90.41,91.42,89.29,7969,101215.15,2.32,-1.44,-1.32,1.4
2023-11-13,91.86,90.99,91.91,89.71,7955,101921.83,2.43,0.64,0.58,1.39
2023-11-14,90.81,90.21,92.56,89.29,10127,129392.74,3.59,-0.86,-0.78,1.77
2023-11-15,92.31,93.4,96.93,92.29,26582,354401.53,5.14,3.54,3.19,4.66
2023-11-16,92.86,89.37,93.31,89.36,15294,196243.94,4.23,-4.31,-4.03,2.68
2023-11-17,89.62,90.19,90.57,88.58,8178,103544.43,2.23,0.92,0.82,1.43
2023-11-20,90.56,90.54,91.26,88.86,8883,112888.1,2.66,0.39,0.35,1.56
2023-11-21,90.36,89.24,91.0,89.06,8029,101682.96,2.14,-1.44,-1.3,1.41
2023-11-22,88.92,87.59,89.64,87.56,6257,77985.17,2.33,-1.85,-1.65,1.1
2023-11-23,87.45,87.65,88.43,86.79,5864,72444.33,1.87,0.07,0.06,1.03
2023-11-24,86.88,85.86,87.64,85.72,5900,71756.72,2.19,-2.04,-1.79,1.03
2023-11-27,86.99,86.21,87.14,85.26,6672,81136.32,2.19,0.41,0.35,1.17
2023-11-28,85.74,86.0,86.57,84.34,8886,107169.41,2.59,-0.24,-0.21,1.56
2023-11-29,85.72,83.98,86.43,83.71,7905,94542.05,3.16,-2.35,-2.02,1.38
2023-11-30,84.94,84.29,85.41,82.26,10313,122007.49,3.75,0.37,0.31,1.81
2023-12-01,84.91,83.36,84.91,83.14,4921,58160.91,2.1,-1.1,-0.93,0.86
2023-12-04,83.57,80.79,83.78,80.71,13126,151726.75,3.68,-3.08,-2.57,2.3
2023-12-05,80.71,77.59,81.37,77.36,12098,135610.68,4.96,-3.96,-3.2,2.12
2023-12-06,77.59,80.01,81.42,77.5,15410,174380.85,5.05,3.12,2.42,2.7
2023-12-07,80.01,78.36,80.01,77.12,12343,136109.05,3.61,-2.06,-1.65,2.16
2023-12-08,79.28,79.64,81.79,78.64,26170,298218.58,4.02,1.63,1.28,4.58
2023-12-11,79.24,79.34,79.64,76.86,10884,120345.11,3.49,-0.38,-0.3,1.91
2023-12-12,79.32,77.71,79.47,77.16,8506,93605.33,2.91,-2.05,-1.63,1.49
2023-12-13,77.57,74.68,77.57,73.97,11249,119908.53,4.63,-3.9,-3.03,1.97
2023-12-14,75.64,73.57,76.24,73.43,8586,90314.83,3.76,-1.49,-1.11,1.5
2023-12-15,74.21,74.64,76.86,74.15,12523,133256.83,3.68,1.45,1.07,2.19
2023-12-18,74.23,72.49,74.61,72.36,9042,93506.34,3.01,-2.88,-2.15,1.58
2023-12-19,72.49,73.54,75.11,71.51,8459,88059.4,4.97,1.45,1.05,1.48
2023-12-20,73.71,73.89,74.71,73.34,7568,79162.8,1.86,0.48,0.35,1.33
2023-12-21,72.85,78.41,80.41,72.65,22343,243432.43,10.5,6.12,4.52,3.91
2023-12-22,77.5,85.07,87.81,77.01,35394,415782.71,13.77,8.49,6.66,6.2
2023-12-25,84.03,86.23,88.34,82.86,23776,289303.27,6.44,1.36,1.16,4.16
2023-12-26,85.72,87.39,91.05,85.06,23461,291502.48,6.95,1.35,1.16,4.11
2023-12-27,86.56,83.68,87.39,82.65,22581,268216.0,5.42,-4.25,-3.71,3.96
2023-12-28,83.68,90.74,91.89,82.79,36855,459910.61,10.87,8.44,7.06,6.45
2023-12-29,89.93,86.7,90.71,86.44,25152,312162.79,4.71,-4.45,-4.04,4.41
2024-01-02,87.32,84.89,87.36,84.71,14014,169628.54,3.06,-2.09,-1.81,2.42
2024-01-03,84.71,85.3,87.56,84.3,13493,163156.31,3.84,0.48,0.41,2.33
2024-01-04,85.07,87.92,88.96,83.21,21334,260355.0,6.74,3.07,2.62,3.69
2024-01-05,86.27,85.79,89.43,85.09,17259,212558.87,4.94,-2.42,-2.13,2.98
2024-01-08,85.07,85.7,87.86,83.46,12360,150319.6,5.13,-0.1,-0.09,2.14
2024-01-09,84.76,84.04,87.23,80.01,22218,261729.8,8.42,-1.94,-1.66,3.84
2024-01-10,82.88,87.81,91.29,82.36,29975,371143.7,10.63,4.49,3.77,5.18
2024-01-11,87.56,90.29,92.14,87.2,27255,345445.93,5.63,2.82,2.48,4.71
2024-01-12,89.43,89.29,93.91,88.94,27652,358128.16,5.5,-1.11,-1.0,4.78
2024-01-15,87.86,86.79,89.14,85.13,18358,225597.51,4.49,-2.8,-2.5,3.17
2024-01-16,86.01,86.64,87.99,83.58,17879,216484.26,5.08,-0.17,-0.15,3.09
2024-01-17,85.71,82.25,85.71,82.25,13575,160393.73,3.99,-5.07,-4.39,2.35
2024-01-18,81.07,80.45,82.9,77.02,25163,285189.99,7.15,-2.19,-1.8,4.35
2024-01-19,80.79,75.2,82.1,74.44,25184,274510.13,9.52,-6.53,-5.25,4.35
2024-01-22,74.37,70.86,74.81,70.36,17453,179557.17,5.92,-5.77,-4.34,3.02
2024-01-23,70.71,71.09,73.97,69.41,16577,168091.61,6.44,0.32,0.23,2.86
2024-01-24,71.43,69.29,72.1,66.68,18766,182156.17,7.62,-2.53,-1.8,3.24
2024-01-25,69.29,69.29,69.5,66.86,19564,188613.78,3.81,0.0,0.0,3.38
2024-01-26,68.71,67.29,70.06,67.29,15613,151601.93,4.0,-2.89,-2.0,2.7
2024-01-29,68.94,65.16,72.57,65.09,25882,251826.41,11.12,-3.17,-2.13,4.47
2024-01-30,63.85,61.04,64.75,60.57,21629,190179.26,6.41,-6.32,-4.12,3.74
2024-01-31,61.14,56.86,61.32,56.8,20494,171169.32,7.4,-6.85,-4.18,3.54
2024-02-01,56.71,56.31,59.06,56.07,20453,166886.46,5.26,-0.97,-0.55,3.53
2024-02-02,57.07,54.29,57.19,51.27,23363,180162.49,10.51,-3.59,-2.02,4.04
2024-02-05,52.86,51.06,53.24,47.19,23124,165599.86,11.14,-5.95,-3.23,4.0
2024-02-06,49.86,56.85,57.06,48.44,25656,190843.15,16.88,11.34,5.79,4.43
2024-02-07,56.41,58.71,61.18,56.41,27815,231952.95,8.39,3.27,1.86,4.81
2024-02-08,59.27,60.61,61.99,57.36,22842,194452.42,7.89,3.24,1.9,3.95
2024-02-19,59.81,58.55,59.81,57.89,17180,143047.48,3.17,-3.4,-2.06,2.97
2024-02-20,58.48,58.19,58.57,56.49,15905,129604.84,3.55,-0.61,-0.36,2.75
2024-02-21,57.88,59.9,61.34,57.16,21969,186183.8,7.18,2.94,1.71,3.8
2024-02-22,58.91,60.14,62.04,58.75,15317,129921.76,5.49,0.4,0.24,2.65
2024-02-23,60.64,61.79,62.0,60.37,22607,196087.84,2.71,2.74,1.65,3.91
2024-02-26,61.07,60.96,62.14,59.71,20288,175255.67,3.93,-1.34,-0.83,3.51
2024-02-27,60.67,62.66,62.66,60.01,17714,154086.35,4.35,2.79,1.7,3.06
2024-02-28,63.36,59.36,66.37,59.36,31334,282610.1,11.19,-5.27,-3.3,5.42
2024-02-29,58.21,61.35,61.63,58.14,20246,173391.59,5.88,3.35,1.99,3.5
2024-03-01,61.51,61.81,62.29,60.35,15237,132584.49,3.16,0.75,0.46,2.63
2024-03-04,62.13,61.36,63.0,60.79,14482,126575.66,3.58,-0.73,-0.45,2.5
2024-03-05,61.29,59.38,61.29,59.06,16661,140722.44,3.63,-3.23,-1.98,2.88
2024-03-06,58.71,61.42,62.56,58.57,21126,181764.16,6.72,3.44,2.04,3.65
2024-03-07,61.21,59.04,61.79,58.93,19883,168948.15,4.66,-3.87,-2.38,3.44
2024-03-08,58.74,61.73,61.73,58.74,40469,347397.22,5.06,4.56,2.69,6.99
2024-03-11,62.02,65.38,66.34,62.02,42175,382761.11,7.0,5.91,3.65,7.29
2024-03-12,65.86,63.97,65.86,63.76,25522,233265.06,3.21,-2.16,-1.41,4.41
2024-03-13,63.74,63.86,64.91,63.24,17639,159537.61,2.61,-0.17,-0.11,3.05
2024-03-14,63.29,62.61,64.14,61.87,16041,142850.31,3.55,-1.96,-1.25,2.77
2024-03-15,62.16,61.96,63.11,61.31,14183,124429.47,2.87,-1.04,-0.65,2.45
2024-03-18,62.43,63.1,63.34,62.0,15021,133197.14,2.16,1.84,1.14,2.6
2024-03-19,63.07,61.63,64.06,61.57,14824,131761.46,3.95,-2.33,-1.47,2.56
2024-03-20,62.0,62.05,63.07,61.51,13587,119474.51,2.53,0.68,0.42,2.35
2024-03-21,61.82,59.93,62.41,59.86,19305,165659.55,4.11,-3.42,-2.12,3.34
2024-03-22,59.67,56.29,60.01,56.14,23196,188419.17,6.46,-6.07,-3.64,4.01
2024-03-25,55.82,53.49,56.57,53.49,24144,186988.78,5.47,-4.97,-2.8,4.17
2024-03-26,53.25,54.23,54.69,52.91,18319,139971.08,3.33,1.38,0.74,3.17
2024-03-27,54.19,50.86,54.2,50.81,19573,144955.87,6.25,-6.21,-3.37,3.38
2024-03-28,50.72,51.33,52.0,50.72,17321,126376.58,2.52,0.92,0.47,2.99
2024-03-29,51.0,51.54,52.36,50.97,11659,85546.02,2.71,0.41,0.21,2.02
2024-04-01,51.64,56.24,56.41,51.64,27935,215877.16,9.25,9.12,4.7,4.83
2024-04-02,56.24,55.91,56.99,54.9,19607,155005.94,3.72,-0.59,-0.33,3.39
2024-04-03,55.54,55.11,56.36,54.87,15064,118802.78,2.66,-1.43,-0.8,2.6
2024-04-08,55.01,52.04,55.31,51.9,14952,112824.71,6.19,-5.57,-3.07,2.58
2024-04-09,52.09,54.38,55.29,52.07,14682,112248.71,6.19,4.5,2.34,2.54
2024-04-10,54.43,52.4,54.43,51.99,13610,101951.7,4.49,-3.64,-1.98,2.35
2024-04-11,52.12,51.71,52.79,51.36,13151,96998.19,2.73,-1.32,-0.69,2.27
2024-04-12,51.93,49.19,51.97,49.01,18961,134705.09,5.72,-4.87,-2.52,3.28
2024-04-15,49.2,48.78,50.63,48.49,18370,129173.9,4.35,-0.83,-0.41,3.17
2024-04-16,48.9,45.85,49.07,45.81,18197,120933.54,6.68,-6.01,-2.93,3.14
2024-04-17,46.07,47.49,48.04,46.07,13547,91171.64,4.3,3.58,1.64,2.34
2024-04-18,47.41,46.69,47.99,46.14,15712,105294.04,3.9,-1.68,-0.8,2.72
2024-04-19,46.44,45.39,46.67,45.29,14465,93970.46,2.96,-2.78,-1.3,2.5
2024-04-22,45.01,46.04,47.01,44.92,12664,83106.4,4.6,1.43,0.65,2.19
2024-04-23,46.76,45.34,47.29,45.29,14273,93385.03,4.34,-1.52,-0.7,2.47
2024-04-24,45.08,45.0,45.54,44.4,13740,87686.98,2.51,-0.75,-0.34,2.37
2024-04-25,44.85,45.61,46.69,44.16,14587,94798.55,5.62,1.36,0.61,2.52
2024-04-26,45.36,46.73,46.85,44.54,17338,113565.48,5.06,2.46,1.12,3.0
2024-04-29,47.09,49.36,49.86,46.79,24049,166054.88,6.57,5.63,2.63,4.16
2024-04-30,49.9,49.14,49.93,49.01,14802,103929.74,1.86,-0.45,-0.22,2.56
2024-05-06,49.79,50.68,51.4,49.65,15096,108583.63,3.56,3.13,1.54,2.61
2024-05-07,50.71,50.98,51.26,50.06,11941,86067.52,2.37,0.59,0.3,2.06
2024-05-08,50.93,50.25,51.84,50.19,12860,92910.34,3.24,-1.43,-0.73,2.22
2024-05-09,50.43,52.51,53.93,50.43,22599,168608.26,6.97,4.5,2.26,3.91
2024-05-10,52.54,52.41,52.99,51.43,11320,83837.69,2.97,-0.19,-0.1,1.96
2024-05-13,51.56,52.86,54.28,51.44,17857,134579.68,5.42,0.86,0.45,3.09
2024-05-14,52.5,51.5,53.0,51.21,16668,122808.48,3.39,-2.57,-1.36,2.88
2024-05-15,52.71,50.71,54.27,50.59,12273,90348.66,7.15,-1.53,-0.79,2.12
2024-05-16,50.99,50.02,51.11,49.86,9218,65947.76,2.46,-1.36,-0.69,1.59
2024-05-17,49.65,50.42,50.64,49.11,10009,70887.74,3.06,0.8,0.4,1.73
2024-05-20,50.54,50.12,51.15,49.79,9801,70096.33,2.7,-0.6,-0.3,1.69
2024-05-21,50.21,49.49,50.28,49.21,7889,55501.99,2.13,-1.26,-0.63,1.36
2024-05-22,49.54,52.96,53.18,49.54,24305,178741.46,7.36,7.01,3.47,4.2
2024-05-23,52.5,50.93,52.84,50.72,14952,109275.12,4.0,-3.83,-2.03,2.58
2024-05-24,51.21,49.16,52.04,49.16,14990,107147.77,5.65,-3.48,-1.77,2.59
2024-05-27,48.93,49.76,50.19,47.26,14288,99172.39,5.96,1.22,0.6,2.47
2024-05-28,49.39,49.8,51.1,49.29,10281,73255.94,3.64,0.08,0.04,1.78
2024-05-29,49.93,50.65,53.09,49.93,17920,132018.21,6.35,1.71,0.85,3.1
2024-05-30,51.42,49.89,51.42,49.55,10864,77365.1,3.69,-1.5,-0.76,1.88
2024-05-31,49.71,50.21,51.07,49.71,11368,81419.48,2.73,0.64,0.32,1.96
2024-06-03,50.1,48.28,50.19,47.86,13159,90653.14,4.64,-3.84,-1.93,2.27
2024-06-04,48.36,49.24,49.36,47.5,13445,92285.3,3.85,1.99,0.96,2.32
2024-06-05,48.94,48.56,49.96,48.56,7842,54836.87,2.84,-1.38,-0.68,1.36
2024-06-06,48.34,45.26,48.86,45.1,15899,104903.71,7.74,-6.8,-3.3,2.75
2024-06-07,45.54,44.66,45.86,44.53,9788,62761.4,2.94,-1.33,-0.6,1.69
2024-06-11,44.81,46.18,46.27,43.76,12133,77925.78,5.62,3.4,1.52,2.09
2024-06-12,46.18,45.96,46.62,45.33,9060,58908.85,2.79,-0.48,-0.22,1.56
2024-06-13,45.86,47.0,48.62,45.79,14820,99026.87,6.16,2.26,1.04,2.56
2024-06-14,46.83,46.28,47.04,45.72,12272,80838.87,2.81,-1.53,-0.72,2.12
2024-06-17,46.08,47.14,48.32,45.6,13543,90644.24,5.88,1.86,0.86,2.34
2024-06-18,46.93,47.71,48.93,46.66,10707,73039.62,4.82,1.21,0.57,1.85
2024-06-19,47.67,45.93,47.77,45.67,10560,69435.21,4.4,-3.73,-1.78,1.82
2024-06-20,45.72,45.97,46.69,45.22,11044,72191.48,3.2,0.09,0.04,1.91
2024-06-21,45.78,44.91,46.78,44.09,13474,86162.17,5.85,-2.31,-1.06,2.33
2024-06-24,44.24,42.76,44.49,42.62,13519,83255.37,4.16,-4.79,-2.15,2.33
2024-06-25,42.63,41.54,43.57,41.29,11311,67231.23,5.33,-2.85,-1.22,1.95
2024-06-26,41.6,42.61,42.79,41.19,9488,56991.55,3.85,2.58,1.07,1.64
2024-06-27,42.62,42.14,43.09,42.07,9573,58075.27,2.39,-1.1,-0.47,1.65
2024-06-28,42.14,41.43,42.74,41.04,10163,60878.36,4.03,-1.68,-0.71,1.75
2024-07-01,43.57,42.14,43.96,41.63,14308,86833.97,5.62,1.71,0.71,2.47
2024-07-02,41.95,40.5,41.97,40.27,14911,87073.0,4.03,-3.89,-1.64,2.57
2024-07-03,40.29,39.85,40.9,39.8,13917,56034.87,2.72,-1.6,-0.65,1.73
2024-07-04,39.91,38.28,40.1,38.18,17516,68190.53,4.82,-3.94,-1.57,2.17
2024-07-05,38.08,39.39,39.76,38.08,16862,65847.39,4.39,2.9,1.11,2.09
2024-07-08,39.28,38.6,40.0,38.36,14757,57606.3,4.16,-2.01,-0.79,1.83
2024-07-09,38.32,39.56,39.63,38.3,16106,62809.25,3.45,2.49,0.96,2.0
2024-07-10,39.1,39.76,40.89,38.77,15588,62597.3,5.36,0.51,0.2,1.93
2024-07-11,40.35,41.43,42.2,40.35,20951,86569.42,4.65,4.2,1.67,2.6
2024-07-12,41.9,43.06,45.02,41.9,34539,150315.62,7.53,3.93,1.63,4.29
2024-07-15,42.12,41.8,42.98,41.77,19960,84316.82,2.81,-2.93,-1.26,2.48
2024-07-16,41.7,42.38,42.77,41.65,15267,64552.2,2.68,1.39,0.58,1.89
2024-07-17,42.9,42.0,43.32,41.9,15618,66590.24,3.35,-0.9,-0.38,1.94
2024-07-18,41.53,43.9,45.5,40.93,32519,140948.55,10.88,4.52,1.9,4.04
2024-07-19,43.55,50.02,50.35,43.53,59377,279959.05,15.54,13.94,6.12,7.37
2024-07-22,50.0,48.7,50.95,48.05,50083,247500.02,5.8,-2.64,-1.32,6.21
2024-07-23,48.67,47.7,48.71,47.51,28582,137321.46,2.46,-2.05,-1.0,3.55
2024-07-24,47.48,46.5,47.97,46.18,23581,110340.75,3.75,-2.52,-1.2,2.93
2024-07-25,47.0,53.33,55.8,47.0,95311,505347.44,18.92,14.69,6.83,11.83
2024-07-26,52.35,50.33,52.99,49.88,66308,340423.5,5.83,-5.63,-3.0,8.23
